--Prepopulate tables with this
INSERT INTO PANTHEON(pantheon_id, pantheon_name) VALUES (1, 'Norse');
INSERT INTO PANTHEON(pantheon_id, pantheon_name) VALUES (2, 'Egyptian');
INSERT INTO PANTHEON(pantheon_id, pantheon_name) VALUES (3, 'Roman');
INSERT INTO PANTHEON(pantheon_id, pantheon_name) VALUES (4, 'Hindu');
INSERT INTO PANTHEON(pantheon_id, pantheon_name) VALUES (5, 'Greek');
INSERT INTO PANTHEON(pantheon_id, pantheon_name) VALUES (6, 'Celtic');
INSERT INTO PANTHEON(pantheon_id, pantheon_name) VALUES (7, 'Chinese');
INSERT INTO PANTHEON(pantheon_id, pantheon_name) VALUES (8, 'Japanese');
INSERT INTO PANTHEON(pantheon_id, pantheon_name) VALUES (9, 'Mayan');
INSERT INTO PANTHEON(pantheon_id, pantheon_name) VALUES (10, 'Arthurian');
INSERT INTO PANTHEON(pantheon_id, pantheon_name) VALUES (11, 'Slavic');
INSERT INTO PANTHEON(pantheon_id, pantheon_name) VALUES (12, 'Polynesian');
INSERT INTO PANTHEON(pantheon_id, pantheon_name) VALUES (13, 'Voodoo');

INSERT INTO DAMAGETYPE(damagetype_id, damagetype_name) VALUES (1, 'Magical');
INSERT INTO DAMAGETYPE(damagetype_id, damagetype_name) VALUES (2, 'Physical');

INSERT INTO ROLE(role_id, role_name) VALUES (1, 'Guardian');
INSERT INTO ROLE(role_id, role_name) VALUES (2, 'Hunter');
INSERT INTO ROLE(role_id, role_name) VALUES (3, 'Mage');
INSERT INTO ROLE(role_id, role_name) VALUES (4, 'Assassin');
INSERT INTO ROLE(role_id, role_name) VALUES (5, 'Warrior');

INSERT INTO GAMEMODE(gamemode_id, gamemode_name) VALUES (1, 'Conquest');
INSERT INTO GAMEMODE(gamemode_id, gamemode_name) VALUES (2, 'Joust');
INSERT INTO GAMEMODE(gamemode_id, gamemode_name) VALUES (3, 'Duel');

INSERT INTO CHAMPION(champion_id, champion_name, role_id, pantheon_id, damagetype_id, health, damage) VALUES (1,'Ymir', 1,1,1,550,69);
INSERT INTO CHAMPION(champion_id, champion_name, role_id, pantheon_id, damagetype_id, health, damage) VALUES (2,'Neith', 2,2,2,435,38);
INSERT INTO CHAMPION(champion_id, champion_name, role_id, pantheon_id, damagetype_id, health, damage) VALUES (3,'Discordia', 3,3,1,370,34);
INSERT INTO CHAMPION(champion_id, champion_name, pantheon_id, role_id, damagetype_id, health, damage) VALUES (4, 'Achilles', 5, 5, 2, 475, 38);
INSERT INTO CHAMPION(champion_id, champion_name, pantheon_id, role_id, damagetype_id, health, damage) VALUES (5, 'Agni', 3, 4, 1, 360, 34);
INSERT INTO CHAMPION(champion_id, champion_name, pantheon_id, role_id, damagetype_id, health, damage) VALUES (6, 'Ah Muzen Cab', 9, 2, 2, 450, 38);
INSERT INTO CHAMPION(champion_id, champion_name, pantheon_id, role_id, damagetype_id, health, damage) VALUES (7, 'Ah Puch', 9, 3, 1, 400, 35);
INSERT INTO CHAMPION(champion_id, champion_name, pantheon_id, role_id, damagetype_id, health, damage) VALUES (8, 'Amaterasu', 8, 5, 2, 470, 39);
INSERT INTO CHAMPION(champion_id, champion_name, pantheon_id, role_id, damagetype_id, health, damage) VALUES (9, 'Anhur', 2, 2, 2, 460, 40);
INSERT INTO CHAMPION(champion_id, champion_name, pantheon_id, role_id, damagetype_id, health, damage) VALUES (10, 'Anubis', 2, 3, 1, 360, 35);
INSERT INTO CHAMPION(champion_id, champion_name, pantheon_id, role_id, damagetype_id, health, damage) VALUES (11, 'Ao Kuang', 7, 3, 1, 400, 35);
INSERT INTO CHAMPION(champion_id, champion_name, pantheon_id, role_id, damagetype_id, health, damage) VALUES (12, 'Aphrodite', 5, 3, 1, 380, 32);
INSERT INTO CHAMPION(champion_id, champion_name, pantheon_id, role_id, damagetype_id, health, damage) VALUES (13, 'Apollo', 5, 2, 2, 450, 40);
INSERT INTO CHAMPION(champion_id, champion_name, pantheon_id, role_id, damagetype_id, health, damage) VALUES (14, 'Arachne', 5, 4, 2, 445, 38);
INSERT INTO CHAMPION(champion_id, champion_name, pantheon_id, role_id, damagetype_id, health, damage) VALUES (15, 'Ares', 5, 1, 1, 485, 38);
INSERT INTO CHAMPION(champion_id, champion_name, pantheon_id, role_id, damagetype_id, health, damage) VALUES (16, 'Artemis', 5, 2, 2, 450,35);
INSERT INTO CHAMPION(champion_id, champion_name, pantheon_id, role_id, damagetype_id, health, damage) VALUES (17, 'Artio', 6, 1, 1, 500, 38);
INSERT INTO CHAMPION(champion_id, champion_name, pantheon_id, role_id, damagetype_id, health, damage) VALUES (18, 'Athena', 5, 1, 1, 500, 35);
INSERT INTO CHAMPION(champion_id, champion_name, pantheon_id, role_id, damagetype_id, health, damage) VALUES (19, 'Awilix', 9, 4, 2, 475, 38);
INSERT INTO CHAMPION(champion_id, champion_name, pantheon_id, role_id, damagetype_id, health, damage) VALUES (20, 'Bacchus', 3, 1, 1, 495, 37);
INSERT INTO CHAMPION(champion_id, champion_name, pantheon_id, role_id, damagetype_id, health, damage) VALUES (21, 'Bakasura', 4, 4, 2, 455, 38);
INSERT INTO CHAMPION(champion_id, champion_name, pantheon_id, role_id, damagetype_id, health, damage) VALUES (22, 'Baron Samedi', 13, 3, 1, 380, 34);
INSERT INTO CHAMPION(champion_id, champion_name, pantheon_id, role_id, damagetype_id, health, damage) VALUES (23, 'Bastet', 2, 4, 2, 415, 38);
INSERT INTO CHAMPION(champion_id, champion_name, pantheon_id, role_id, damagetype_id, health, damage) VALUES (24, 'Bellona', 3, 5, 2, 490, 36);
INSERT INTO CHAMPION(champion_id, champion_name, pantheon_id, role_id, damagetype_id, health, damage) VALUES (25, 'Cabrakan', 9, 1, 1, 490, 38);
INSERT INTO CHAMPION(champion_id, champion_name, pantheon_id, role_id, damagetype_id, health, damage) VALUES (26, 'Camazotz', 9, 4, 2, 440, 39);
INSERT INTO CHAMPION(champion_id, champion_name, pantheon_id, role_id, damagetype_id, health, damage) VALUES (27, 'Cerberus', 5, 1, 1, 490, 38);
INSERT INTO CHAMPION(champion_id, champion_name, pantheon_id, role_id, damagetype_id, health, damage) VALUES (28, 'Cernunnos', 6, 2, 2, 480, 37);
INSERT INTO CHAMPION(champion_id, champion_name, pantheon_id, role_id, damagetype_id, health, damage) VALUES (29, 'Chaac', 9, 5, 2, 490, 39);
INSERT INTO CHAMPION(champion_id, champion_name, pantheon_id, role_id, damagetype_id, health, damage) VALUES (30, 'Chang''e', 7, 3, 1, 375, 32);
INSERT INTO CHAMPION(champion_id, champion_name, pantheon_id, role_id, damagetype_id, health, damage) VALUES (31, 'Chernobog', 11, 2, 2, 450, 36);
INSERT INTO CHAMPION(champion_id, champion_name, pantheon_id, role_id, damagetype_id, health, damage) VALUES (32, 'Chiron', 5, 2, 2, 460, 35);
INSERT INTO CHAMPION(champion_id, champion_name, pantheon_id, role_id, damagetype_id, health, damage) VALUES (33, 'Chronos', 5, 3, 1, 400,40);
INSERT INTO CHAMPION(champion_id, champion_name, pantheon_id, role_id, damagetype_id, health, damage) VALUES (34, 'Cu Chulainn', 6, 5, 2, 480, 39);
INSERT INTO CHAMPION(champion_id, champion_name, pantheon_id, role_id, damagetype_id, health, damage) VALUES (35, 'Cupid', 3, 2, 2, 445, 35);
INSERT INTO CHAMPION(champion_id, champion_name, pantheon_id, role_id, damagetype_id, health, damage) VALUES (36, 'Da Ji', 7, 4, 2, 440,39);
INSERT INTO CHAMPION(champion_id, champion_name, pantheon_id, role_id, damagetype_id, health, damage) VALUES (37, 'Erlang Shen', 7, 5, 2, 485, 39);
INSERT INTO CHAMPION(champion_id, champion_name, pantheon_id, role_id, damagetype_id, health, damage) VALUES (38, 'Fafnir', 1, 1, 1, 495, 37);
INSERT INTO CHAMPION(champion_id, champion_name, pantheon_id, role_id, damagetype_id, health, damage) VALUES (39, 'Fenrir', 1, 4, 2, 455, 38);
INSERT INTO CHAMPION(champion_id, champion_name, pantheon_id, role_id, damagetype_id, health, damage) VALUES (40, 'Freya', 1, 3, 1, 405, 35);
INSERT INTO CHAMPION(champion_id, champion_name, pantheon_id, role_id, damagetype_id, health, damage) VALUES (41, 'Ganesha', 4, 1, 1, 495, 38);
INSERT INTO CHAMPION(champion_id, champion_name, pantheon_id, role_id, damagetype_id, health, damage) VALUES (42, 'Geb', 2, 1, 1, 510, 38);
INSERT INTO CHAMPION(champion_id, champion_name, pantheon_id, role_id, damagetype_id, health, damage) VALUES (43, 'Guan Yu', 7, 5, 2, 480, 37);
INSERT INTO CHAMPION(champion_id, champion_name, pantheon_id, role_id, damagetype_id, health, damage) VALUES (44, 'Hachiman', 8, 2, 2, 455, 36);
INSERT INTO CHAMPION(champion_id, champion_name, pantheon_id, role_id, damagetype_id, health, damage) VALUES (45, 'Hades', 5, 3, 1, 450, 32);
INSERT INTO CHAMPION(champion_id, champion_name, pantheon_id, role_id, damagetype_id, health, damage) VALUES (46, 'He Bo', 7, 3, 1, 400, 34);
INSERT INTO CHAMPION(champion_id, champion_name, pantheon_id, role_id, damagetype_id, health, damage) VALUES (47, 'Hel', 1, 3, 1, 410, 33);
INSERT INTO CHAMPION(champion_id, champion_name, pantheon_id, role_id, damagetype_id, health, damage) VALUES (48, 'Hera', 5, 3, 1, 380, 34);
INSERT INTO CHAMPION(champion_id, champion_name, pantheon_id, role_id, damagetype_id, health, damage) VALUES (49, 'Hercules', 3, 5, 2, 490, 39);
INSERT INTO CHAMPION(champion_id, champion_name, pantheon_id, role_id, damagetype_id, health, damage) VALUES (50, 'Horus', 2, 5, 2, 569, 39);
INSERT INTO CHAMPION(champion_id, champion_name, pantheon_id, role_id, damagetype_id, health, damage) VALUES (51, 'Hou Yi', 7, 2, 2, 480, 43);
INSERT INTO CHAMPION(champion_id, champion_name, pantheon_id, role_id, damagetype_id, health, damage) VALUES (52, 'Hun Batz', 7, 4, 2, 460, 38);
INSERT INTO CHAMPION(champion_id, champion_name, pantheon_id, role_id, damagetype_id, health, damage) VALUES (53, 'Isis', 2, 3, 1, 365, 35);
INSERT INTO CHAMPION(champion_id, champion_name, pantheon_id, role_id, damagetype_id, health, damage) VALUES (54, 'Izanami', 8, 2, 2, 450, 36);
INSERT INTO CHAMPION(champion_id, champion_name, pantheon_id, role_id, damagetype_id, health, damage) VALUES (55, 'Janus', 3, 3, 1, 400, 34);
INSERT INTO CHAMPION(champion_id, champion_name, pantheon_id, role_id, damagetype_id, health, damage) VALUES (56, 'Jing Wei', 7, 2, 2, 445, 38);
INSERT INTO CHAMPION(champion_id, champion_name, pantheon_id, role_id, damagetype_id, health, damage) VALUES (57, 'Jormungandr', 1, 1, 1, 495, 24);
INSERT INTO CHAMPION(champion_id, champion_name, pantheon_id, role_id, damagetype_id, health, damage) VALUES (58, 'Kali', 4, 4, 2, 470, 37);
INSERT INTO CHAMPION(champion_id, champion_name, pantheon_id, role_id, damagetype_id, health, damage) VALUES (59, 'Khepri', 2, 1, 1, 470, 37);
INSERT INTO CHAMPION(champion_id, champion_name, pantheon_id, role_id, damagetype_id, health, damage) VALUES (60, 'King Arthur', 10, 5, 2, 485, 39);
INSERT INTO CHAMPION(champion_id, champion_name, pantheon_id, role_id, damagetype_id, health, damage) VALUES (61, 'Kukulkan', 9, 3, 1, 365, 34);
INSERT INTO CHAMPION(champion_id, champion_name, pantheon_id, role_id, damagetype_id, health, damage) VALUES (62, 'Khumbakarna', 4, 1, 1, 490, 38);
INSERT INTO CHAMPION(champion_id, champion_name, pantheon_id, role_id, damagetype_id, health, damage) VALUES (63, 'Kuzenbo', 8, 1, 1, 500, 38);
INSERT INTO CHAMPION(champion_id, champion_name, pantheon_id, role_id, damagetype_id, health, damage) VALUES (64, 'Loki', 1, 4, 2, 395, 38);
INSERT INTO CHAMPION(champion_id, champion_name, pantheon_id, role_id, damagetype_id, health, damage) VALUES (65, 'Medusa', 5, 2, 2, 470, 38);
INSERT INTO CHAMPION(champion_id, champion_name, pantheon_id, role_id, damagetype_id, health, damage) VALUES (66, 'Mercury', 3, 4, 2, 400, 38);
INSERT INTO CHAMPION(champion_id, champion_name, pantheon_id, role_id, damagetype_id, health, damage) VALUES (67, 'Merlin', 10, 3, 1, 370, 34);
INSERT INTO CHAMPION(champion_id, champion_name, pantheon_id, role_id, damagetype_id, health, damage) VALUES (68, 'Ne Zha', 7, 4, 2, 400,39);
INSERT INTO CHAMPION(champion_id, champion_name, pantheon_id, role_id, damagetype_id, health, damage) VALUES (69, 'Nemesis', 5, 4, 2, 470, 39);
INSERT INTO CHAMPION(champion_id, champion_name, pantheon_id, role_id, damagetype_id, health, damage) VALUES (70, 'Nike', 5, 5, 2, 480,37);
INSERT INTO CHAMPION(champion_id, champion_name, pantheon_id, role_id, damagetype_id, health, damage) VALUES (71, 'Nox', 3, 3, 1, 365,34);
INSERT INTO CHAMPION(champion_id, champion_name, pantheon_id, role_id, damagetype_id, health, damage) VALUES (72, 'Nu Wa', 7, 3, 1, 400,35);
INSERT INTO CHAMPION(champion_id, champion_name, pantheon_id, role_id, damagetype_id, health, damage) VALUES (73, 'Odin', 5, 5, 2, 470,38);
INSERT INTO CHAMPION(champion_id, champion_name, pantheon_id, role_id, damagetype_id, health, damage) VALUES (74, 'Osiris', 2, 5, 2, 485,39);
INSERT INTO CHAMPION(champion_id, champion_name, pantheon_id, role_id, damagetype_id, health, damage) VALUES (75, 'Pele', 12, 4, 2, 460,39);
INSERT INTO CHAMPION(champion_id, champion_name, pantheon_id, role_id, damagetype_id, health, damage) VALUES (76, 'Poseidon', 5, 3, 1, 380, 35);
INSERT INTO CHAMPION(champion_id, champion_name, pantheon_id, role_id, damagetype_id, health, damage) VALUES (77, 'Ra', 2, 3, 1, 385,35);
INSERT INTO CHAMPION(champion_id, champion_name, pantheon_id, role_id, damagetype_id, health, damage) VALUES (78, 'Raijin', 8, 3, 1, 385,34);
INSERT INTO CHAMPION(champion_id, champion_name, pantheon_id, role_id, damagetype_id, health, damage) VALUES (79, 'Rama', 4, 2, 2, 460, 40);
INSERT INTO CHAMPION(champion_id, champion_name, pantheon_id, role_id, damagetype_id, health, damage) VALUES (80, 'Ratatoskr', 1, 4, 2, 420,39);
INSERT INTO CHAMPION(champion_id, champion_name, pantheon_id, role_id, damagetype_id, health, damage) VALUES (81, 'Ravana', 4, 4, 2, 400,39);
INSERT INTO CHAMPION(champion_id, champion_name, pantheon_id, role_id, damagetype_id, health, damage) VALUES (82, 'Scylla', 5, 3, 1, 365, 34);
INSERT INTO CHAMPION(champion_id, champion_name, pantheon_id, role_id, damagetype_id, health, damage) VALUES (83, 'Serqet', 2, 4, 2, 400, 39);
INSERT INTO CHAMPION(champion_id, champion_name, pantheon_id, role_id, damagetype_id, health, damage) VALUES (84, 'Set', 2, 4, 2, 510, 39);
INSERT INTO CHAMPION(champion_id, champion_name, pantheon_id, role_id, damagetype_id, health, damage) VALUES (85, 'Skadi', 1, 2, 2, 470, 35);
INSERT INTO CHAMPION(champion_id, champion_name, pantheon_id, role_id, damagetype_id, health, damage) VALUES (86, 'Sobek', 2, 1, 1, 490, 38);
INSERT INTO CHAMPION(champion_id, champion_name, pantheon_id, role_id, damagetype_id, health, damage) VALUES (87, 'Sol', 1, 3, 1, 400,34);
INSERT INTO CHAMPION(champion_id, champion_name, pantheon_id, role_id, damagetype_id, health, damage) VALUES (88, 'Sun Wukong', 7, 5, 2, 480, 39);
INSERT INTO CHAMPION(champion_id, champion_name, pantheon_id, role_id, damagetype_id, health, damage) VALUES (89, 'Susano', 8, 4, 2, 435, 38);
INSERT INTO CHAMPION(champion_id, champion_name, pantheon_id, role_id, damagetype_id, health, damage) VALUES (90, 'Sylvanus', 3, 1, 1, 510, 35);
INSERT INTO CHAMPION(champion_id, champion_name, pantheon_id, role_id, damagetype_id, health, damage) VALUES (91, 'Terra', 3, 1, 1, 500, 38);
INSERT INTO CHAMPION(champion_id, champion_name, pantheon_id, role_id, damagetype_id, health, damage) VALUES (92, 'Thanatos', 5, 4, 2, 390, 39);
INSERT INTO CHAMPION(champion_id, champion_name, pantheon_id, role_id, damagetype_id, health, damage) VALUES (93, 'The Morrigan', 6, 3, 1, 400,34);
INSERT INTO CHAMPION(champion_id, champion_name, pantheon_id, role_id, damagetype_id, health, damage) VALUES (94, 'Thor', 1, 4, 2, 475, 39);
INSERT INTO CHAMPION(champion_id, champion_name, pantheon_id, role_id, damagetype_id, health, damage) VALUES (95, 'Thoth', 2, 3, 1, 365, 32);
INSERT INTO CHAMPION(champion_id, champion_name, pantheon_id, role_id, damagetype_id, health, damage) VALUES (96, 'Tyr', 1, 5, 2, 485, 39);
INSERT INTO CHAMPION(champion_id, champion_name, pantheon_id, role_id, damagetype_id, health, damage) VALUES (97, 'Ullr', 1, 2, 2, 480, 38);
INSERT INTO CHAMPION(champion_id, champion_name, pantheon_id, role_id, damagetype_id, health, damage) VALUES (98, 'Vamana', 4, 5, 2, 490, 37);
INSERT INTO CHAMPION(champion_id, champion_name, pantheon_id, role_id, damagetype_id, health, damage) VALUES (99, 'Vulcan', 3, 3, 1, 380,34);
INSERT INTO CHAMPION(champion_id, champion_name, pantheon_id, role_id, damagetype_id, health, damage) VALUES (100, 'Xbalanque', 9, 2, 2, 455,37);
INSERT INTO CHAMPION(champion_id, champion_name, pantheon_id, role_id, damagetype_id, health, damage) VALUES (101, 'Xing Tian', 7, 1, 1, 485,35);
INSERT INTO CHAMPION(champion_id, champion_name, pantheon_id, role_id, damagetype_id, health, damage) VALUES (102, 'Zeus', 5, 3, 1, 380,35);
INSERT INTO CHAMPION(champion_id, champion_name, pantheon_id, role_id, damagetype_id, health, damage) VALUES (103, 'Zhong Kui', 7, 3, 1, 450, 33);


-- Test data

INSERT INTO CHAMPIONGAMEMODESTATS(championgamemodestats_id, banrate, pickrate, winrate, champion_id, gamemode_id) VALUES (1, 0.7, 10.95, 46.36, 1, 1);
INSERT INTO CHAMPIONGAMEMODESTATS(championgamemodestats_id, banrate, pickrate, winrate, champion_id, gamemode_id) VALUES (2, 6.44, 11.56, 44.9, 1, 2);
INSERT INTO CHAMPIONGAMEMODESTATS(championgamemodestats_id, banrate, pickrate, winrate, champion_id, gamemode_id) VALUES (3, 1.97, 4.24, 44.05, 1, 3);

INSERT INTO CHAMPIONGAMEMODESTATS(championgamemodestats_id, banrate, pickrate, winrate, champion_id, gamemode_id) VALUES (4, 0.37, 10.95, 47.04, 2, 1);
INSERT INTO CHAMPIONGAMEMODESTATS(championgamemodestats_id, banrate, pickrate, winrate, champion_id, gamemode_id) VALUES (5, 4.11, 19.04, 47.15, 2, 2);
INSERT INTO CHAMPIONGAMEMODESTATS(championgamemodestats_id, banrate, pickrate, winrate, champion_id, gamemode_id) VALUES (6, 1.03, 3.06, 44.05, 2, 3);

INSERT INTO CHAMPIONGAMEMODESTATS(championgamemodestats_id, banrate, pickrate, winrate, champion_id, gamemode_id) VALUES (7, 0.38, 4.45, 48.47, 3, 1);
INSERT INTO CHAMPIONGAMEMODESTATS(championgamemodestats_id, banrate, pickrate, winrate, champion_id, gamemode_id) VALUES (8, 4.17, 9.3, 51.58, 3, 2);
INSERT INTO CHAMPIONGAMEMODESTATS(championgamemodestats_id, banrate, pickrate, winrate, champion_id, gamemode_id) VALUES (9, 0.26, 0.59, 32.38, 3, 3);

-- Conquest Stat Data 
INSERT INTO CHAMPIONGAMEMODESTATS(championgamemodestats_id, winrate,pickrate, banrate, champion_id, gamemode_id) VALUES (10,45.13,13.75,23.05,4,1);
INSERT INTO CHAMPIONGAMEMODESTATS(championgamemodestats_id, winrate,pickrate, banrate, champion_id, gamemode_id) VALUES (11,50.13,17.38,13.20,5,1);
INSERT INTO CHAMPIONGAMEMODESTATS(championgamemodestats_id, winrate,pickrate, banrate, champion_id, gamemode_id) VALUES (12,55.21,13.53,6.26,6,1);
INSERT INTO CHAMPIONGAMEMODESTATS(championgamemodestats_id, winrate,pickrate, banrate, champion_id, gamemode_id) VALUES (13,46.10,2.02,0.36,7,1);
INSERT INTO CHAMPIONGAMEMODESTATS(championgamemodestats_id, winrate,pickrate, banrate, champion_id, gamemode_id) VALUES (14,49.00,3.83,0.11,8,1);
INSERT INTO CHAMPIONGAMEMODESTATS(championgamemodestats_id, winrate,pickrate, banrate, champion_id, gamemode_id) VALUES (15,49.04,10.15,1.16,9,1);
INSERT INTO CHAMPIONGAMEMODESTATS(championgamemodestats_id, winrate,pickrate, banrate, champion_id, gamemode_id) VALUES (16,50.33,8.10,0.96,10,1);
INSERT INTO CHAMPIONGAMEMODESTATS(championgamemodestats_id, winrate,pickrate, banrate, champion_id, gamemode_id) VALUES (17,52.88,9.64,82.63,11,1);
INSERT INTO CHAMPIONGAMEMODESTATS(championgamemodestats_id, winrate,pickrate, banrate, champion_id, gamemode_id) VALUES (18,53.28,16.65,11.93,12,1);
INSERT INTO CHAMPIONGAMEMODESTATS(championgamemodestats_id, winrate,pickrate, banrate, champion_id, gamemode_id) VALUES (19,48.49,8.56,0.40,13,1);
INSERT INTO CHAMPIONGAMEMODESTATS(championgamemodestats_id, winrate,pickrate, banrate, champion_id, gamemode_id) VALUES (20,56.92,18.91,28.14,14,1);
INSERT INTO CHAMPIONGAMEMODESTATS(championgamemodestats_id, winrate,pickrate, banrate, champion_id, gamemode_id) VALUES (21,49.91,7.85,3.44,15,1);
INSERT INTO CHAMPIONGAMEMODESTATS(championgamemodestats_id, winrate,pickrate, banrate, champion_id, gamemode_id) VALUES (22,50.40,5.48,0.29,16,1);
INSERT INTO CHAMPIONGAMEMODESTATS(championgamemodestats_id, winrate,pickrate, banrate, champion_id, gamemode_id) VALUES (23,50.31,9.58,6.68,17,1);
INSERT INTO CHAMPIONGAMEMODESTATS(championgamemodestats_id, winrate,pickrate, banrate, champion_id, gamemode_id) VALUES (24,46.86,10.31,8.39,18,1);
INSERT INTO CHAMPIONGAMEMODESTATS(championgamemodestats_id, winrate,pickrate, banrate, champion_id, gamemode_id) VALUES (25,49.85,12.14,3.43,19,1);
INSERT INTO CHAMPIONGAMEMODESTATS(championgamemodestats_id, winrate,pickrate, banrate, champion_id, gamemode_id) VALUES (26,48.66,16.98,29.31,20,1);
INSERT INTO CHAMPIONGAMEMODESTATS(championgamemodestats_id, winrate,pickrate, banrate, champion_id, gamemode_id) VALUES (27,51.19,10.15,23.16,21,1);
INSERT INTO CHAMPIONGAMEMODESTATS(championgamemodestats_id, winrate,pickrate, banrate, champion_id, gamemode_id) VALUES (28,50.40,6.44,0.96,22,1);
INSERT INTO CHAMPIONGAMEMODESTATS(championgamemodestats_id, winrate,pickrate, banrate, champion_id, gamemode_id) VALUES (29,48.83,3.73,0.14,23,1);
INSERT INTO CHAMPIONGAMEMODESTATS(championgamemodestats_id, winrate,pickrate, banrate, champion_id, gamemode_id) VALUES (30,50.20,18.07,9.62,24,1);
INSERT INTO CHAMPIONGAMEMODESTATS(championgamemodestats_id, winrate,pickrate, banrate, champion_id, gamemode_id) VALUES (31,50.31,3.67,0.26,25,1);
INSERT INTO CHAMPIONGAMEMODESTATS(championgamemodestats_id, winrate,pickrate, banrate, champion_id, gamemode_id) VALUES (32,50.42,4.16,0.33,26,1);
INSERT INTO CHAMPIONGAMEMODESTATS(championgamemodestats_id, winrate,pickrate, banrate, champion_id, gamemode_id) VALUES (33,45.99,6.54,0.81,27,1);
INSERT INTO CHAMPIONGAMEMODESTATS(championgamemodestats_id, winrate,pickrate, banrate, champion_id, gamemode_id) VALUES (34,51.47,17.67,12.71,28,1);
INSERT INTO CHAMPIONGAMEMODESTATS(championgamemodestats_id, winrate,pickrate, banrate, champion_id, gamemode_id) VALUES (35,47.33,5.55,0.27,29,1);
INSERT INTO CHAMPIONGAMEMODESTATS(championgamemodestats_id, winrate,pickrate, banrate, champion_id, gamemode_id) VALUES (36,51.89,8.48,0.75,30,1);
INSERT INTO CHAMPIONGAMEMODESTATS(championgamemodestats_id, winrate,pickrate, banrate, champion_id, gamemode_id) VALUES (37,53.18,3.52,0.70,31,1);
INSERT INTO CHAMPIONGAMEMODESTATS(championgamemodestats_id, winrate,pickrate, banrate, champion_id, gamemode_id) VALUES (38,51.05,4.63,0.15,32,1);
INSERT INTO CHAMPIONGAMEMODESTATS(championgamemodestats_id, winrate,pickrate, banrate, champion_id, gamemode_id) VALUES (39,52.51,14.96,2.46,33,1);
INSERT INTO CHAMPIONGAMEMODESTATS(championgamemodestats_id, winrate,pickrate, banrate, champion_id, gamemode_id) VALUES (40,48.67,7.14,1.15,34,1);
INSERT INTO CHAMPIONGAMEMODESTATS(championgamemodestats_id, winrate,pickrate, banrate, champion_id, gamemode_id) VALUES (41,53.43,7.34,0.90,35,1);
INSERT INTO CHAMPIONGAMEMODESTATS(championgamemodestats_id, winrate,pickrate, banrate, champion_id, gamemode_id) VALUES (42,47.51,5.56,1.34,36,1);
INSERT INTO CHAMPIONGAMEMODESTATS(championgamemodestats_id, winrate,pickrate, banrate, champion_id, gamemode_id) VALUES (43,53.32,12.73,2.54,37,1);
INSERT INTO CHAMPIONGAMEMODESTATS(championgamemodestats_id, winrate,pickrate, banrate, champion_id, gamemode_id) VALUES (44,47.99,5.51,1.10,38,1);
INSERT INTO CHAMPIONGAMEMODESTATS(championgamemodestats_id, winrate,pickrate, banrate, champion_id, gamemode_id) VALUES (45,48.43,11.11,1.75,39,1);
INSERT INTO CHAMPIONGAMEMODESTATS(championgamemodestats_id, winrate,pickrate, banrate, champion_id, gamemode_id) VALUES (46,49.01,8.50,16.20,40,1);
INSERT INTO CHAMPIONGAMEMODESTATS(championgamemodestats_id, winrate,pickrate, banrate, champion_id, gamemode_id) VALUES (47,50.52,9.17	,4.69,41,1);
INSERT INTO CHAMPIONGAMEMODESTATS(championgamemodestats_id, winrate,pickrate, banrate, champion_id, gamemode_id) VALUES (48,50.14,12.26,29.19,42,1);
INSERT INTO CHAMPIONGAMEMODESTATS(championgamemodestats_id, winrate,pickrate, banrate, champion_id, gamemode_id) VALUES (49,53.37,6.18,0.56,43,1);
INSERT INTO CHAMPIONGAMEMODESTATS(championgamemodestats_id, winrate,pickrate, banrate, champion_id, gamemode_id) VALUES (50,48.65,15.02,5.24,44,1);
INSERT INTO CHAMPIONGAMEMODESTATS(championgamemodestats_id, winrate,pickrate, banrate, champion_id, gamemode_id) VALUES (51,52.98,5.99,6.21,45,1);
INSERT INTO CHAMPIONGAMEMODESTATS(championgamemodestats_id, winrate,pickrate, banrate, champion_id, gamemode_id) VALUES (52,52.52,12.87,9.41,46,1);
INSERT INTO CHAMPIONGAMEMODESTATS(championgamemodestats_id, winrate,pickrate, banrate, champion_id, gamemode_id) VALUES (53,54.55,7.18,1.68,47,1);
INSERT INTO CHAMPIONGAMEMODESTATS(championgamemodestats_id, winrate,pickrate, banrate, champion_id, gamemode_id) VALUES (54,46.63,7.93,11.90,48,1);
INSERT INTO CHAMPIONGAMEMODESTATS(championgamemodestats_id, winrate,pickrate, banrate, champion_id, gamemode_id) VALUES (55,46.86,9.74,0.93,49,1);
INSERT INTO CHAMPIONGAMEMODESTATS(championgamemodestats_id, winrate,pickrate, banrate, champion_id, gamemode_id) VALUES (56,48.16,15.12,21.23,50,1);
INSERT INTO CHAMPIONGAMEMODESTATS(championgamemodestats_id, winrate,pickrate, banrate, champion_id, gamemode_id) VALUES (57,46.81,12.25,3.56,51,1);
INSERT INTO CHAMPIONGAMEMODESTATS(championgamemodestats_id, winrate,pickrate, banrate, champion_id, gamemode_id) VALUES (58,50.53,13.03,4.25,52,1);
INSERT INTO CHAMPIONGAMEMODESTATS(championgamemodestats_id, winrate,pickrate, banrate, champion_id, gamemode_id) VALUES (59,49.84,4.64,0.25,53,1);
INSERT INTO CHAMPIONGAMEMODESTATS(championgamemodestats_id, winrate,pickrate, banrate, champion_id, gamemode_id) VALUES (60,50.18,6.97,0.67,54,1);
INSERT INTO CHAMPIONGAMEMODESTATS(championgamemodestats_id, winrate,pickrate, banrate, champion_id, gamemode_id) VALUES (61,43.79,13.02,2.08,55,1);
INSERT INTO CHAMPIONGAMEMODESTATS(championgamemodestats_id, winrate,pickrate, banrate, champion_id, gamemode_id) VALUES (62,51.18,14.82,8.35,56,1);
INSERT INTO CHAMPIONGAMEMODESTATS(championgamemodestats_id, winrate,pickrate, banrate, champion_id, gamemode_id) VALUES (63,52.86,20.52,32.26,57,1);
INSERT INTO CHAMPIONGAMEMODESTATS(championgamemodestats_id, winrate,pickrate, banrate, champion_id, gamemode_id) VALUES (64,53.88,6.76,2.64,58,1);
INSERT INTO CHAMPIONGAMEMODESTATS(championgamemodestats_id, winrate,pickrate, banrate, champion_id, gamemode_id) VALUES (65,51.81,7.10,2.36,59,1);
INSERT INTO CHAMPIONGAMEMODESTATS(championgamemodestats_id, winrate,pickrate, banrate, champion_id, gamemode_id) VALUES (66,45.12,9.29,85.65,60,1);
INSERT INTO CHAMPIONGAMEMODESTATS(championgamemodestats_id, winrate,pickrate, banrate, champion_id, gamemode_id) VALUES (67,50.46,8.37,0.21,61,1);
INSERT INTO CHAMPIONGAMEMODESTATS(championgamemodestats_id, winrate,pickrate, banrate, champion_id, gamemode_id) VALUES (68,48.73,14.63,21.12,62,1);
INSERT INTO CHAMPIONGAMEMODESTATS(championgamemodestats_id, winrate,pickrate, banrate, champion_id, gamemode_id) VALUES (69,47.06,7.13,1.97,63,1);
INSERT INTO CHAMPIONGAMEMODESTATS(championgamemodestats_id, winrate,pickrate, banrate, champion_id, gamemode_id) VALUES (70,48.55,4.77	,0.48,64,1);
INSERT INTO CHAMPIONGAMEMODESTATS(championgamemodestats_id, winrate,pickrate, banrate, champion_id, gamemode_id) VALUES (71,48.95,9.78,1.55,65,1);
INSERT INTO CHAMPIONGAMEMODESTATS(championgamemodestats_id, winrate,pickrate, banrate, champion_id, gamemode_id) VALUES (72,51.59,12.22,1.60,66,1);
INSERT INTO CHAMPIONGAMEMODESTATS(championgamemodestats_id, winrate,pickrate, banrate, champion_id, gamemode_id) VALUES (73,51.08,7.29,90.25,67,1);
INSERT INTO CHAMPIONGAMEMODESTATS(championgamemodestats_id, winrate,pickrate, banrate, champion_id, gamemode_id) VALUES (74,53.11,19.96,10.11,68,1);
INSERT INTO CHAMPIONGAMEMODESTATS(championgamemodestats_id, winrate,pickrate, banrate, champion_id, gamemode_id) VALUES (75,45.54,4.20,0.25,69,1);
INSERT INTO CHAMPIONGAMEMODESTATS(championgamemodestats_id, winrate,pickrate, banrate, champion_id, gamemode_id) VALUES (76,48.88,2.12,0.08,70,1);
INSERT INTO CHAMPIONGAMEMODESTATS(championgamemodestats_id, winrate,pickrate, banrate, champion_id, gamemode_id) VALUES (77,44.17,5.12,0.42,71,1);
INSERT INTO CHAMPIONGAMEMODESTATS(championgamemodestats_id, winrate,pickrate, banrate, champion_id, gamemode_id) VALUES (78,51.78,8.46,0.20,72,1);
INSERT INTO CHAMPIONGAMEMODESTATS(championgamemodestats_id, winrate,pickrate, banrate, champion_id, gamemode_id) VALUES (79,49.06,5.17,6.89,73,1);
INSERT INTO CHAMPIONGAMEMODESTATS(championgamemodestats_id, winrate,pickrate, banrate, champion_id, gamemode_id) VALUES (80,50.13,10.69,3.15,74,1);
INSERT INTO CHAMPIONGAMEMODESTATS(championgamemodestats_id, winrate,pickrate, banrate, champion_id, gamemode_id) VALUES (81,49.74,7.65,5.78,75,1);
INSERT INTO CHAMPIONGAMEMODESTATS(championgamemodestats_id, winrate,pickrate, banrate, champion_id, gamemode_id) VALUES (82,52.75,21.41,10.15,76,1);
INSERT INTO CHAMPIONGAMEMODESTATS(championgamemodestats_id, winrate,pickrate, banrate, champion_id, gamemode_id) VALUES (83,49.87,8.78,0.43,77,1);
INSERT INTO CHAMPIONGAMEMODESTATS(championgamemodestats_id, winrate,pickrate, banrate, champion_id, gamemode_id) VALUES (84,49.03,5.32,1.19,78,1);
INSERT INTO CHAMPIONGAMEMODESTATS(championgamemodestats_id, winrate,pickrate, banrate, champion_id, gamemode_id) VALUES (85,49.21,10.37,1.23,79,1);
INSERT INTO CHAMPIONGAMEMODESTATS(championgamemodestats_id, winrate,pickrate, banrate, champion_id, gamemode_id) VALUES (86,49.25,9.85,4.03,80,1);
INSERT INTO CHAMPIONGAMEMODESTATS(championgamemodestats_id, winrate,pickrate, banrate, champion_id, gamemode_id) VALUES (87,49.38,9.41,1.26,81,1);
INSERT INTO CHAMPIONGAMEMODESTATS(championgamemodestats_id, winrate,pickrate, banrate, champion_id, gamemode_id) VALUES (88,49.57,17.99,4.02,82,1);
INSERT INTO CHAMPIONGAMEMODESTATS(championgamemodestats_id, winrate,pickrate, banrate, champion_id, gamemode_id) VALUES (89,47.92,13.24,5.44,83,1);
INSERT INTO CHAMPIONGAMEMODESTATS(championgamemodestats_id, winrate,pickrate, banrate, champion_id, gamemode_id) VALUES (90,43.82,9.95,22.33,84,1);
INSERT INTO CHAMPIONGAMEMODESTATS(championgamemodestats_id, winrate,pickrate, banrate, champion_id, gamemode_id) VALUES (91,49.49,4.43,0.32,85,1);
INSERT INTO CHAMPIONGAMEMODESTATS(championgamemodestats_id, winrate,pickrate, banrate, champion_id, gamemode_id) VALUES (92,49.08,7.44,1.29,86,1);
INSERT INTO CHAMPIONGAMEMODESTATS(championgamemodestats_id, winrate,pickrate, banrate, champion_id, gamemode_id) VALUES (93,50.14,7.20,0.24,87,1);
INSERT INTO CHAMPIONGAMEMODESTATS(championgamemodestats_id, winrate,pickrate, banrate, champion_id, gamemode_id) VALUES (94,47.31,5.23,0.13,88,1);
INSERT INTO CHAMPIONGAMEMODESTATS(championgamemodestats_id, winrate,pickrate, banrate, champion_id, gamemode_id) VALUES (95,51.22,14.38,7.36,89,1);
INSERT INTO CHAMPIONGAMEMODESTATS(championgamemodestats_id, winrate,pickrate, banrate, champion_id, gamemode_id) VALUES (96,48.61,8.32,1.06,90,1);
INSERT INTO CHAMPIONGAMEMODESTATS(championgamemodestats_id, winrate,pickrate, banrate, champion_id, gamemode_id) VALUES (97,50.31,6.04,3.26,91,1);
INSERT INTO CHAMPIONGAMEMODESTATS(championgamemodestats_id, winrate,pickrate, banrate, champion_id, gamemode_id) VALUES (98,48.46,11.13,1.14,92,1);
INSERT INTO CHAMPIONGAMEMODESTATS(championgamemodestats_id, winrate,pickrate, banrate, champion_id, gamemode_id) VALUES (99,49.09,9.37,2.56,93,1);
INSERT INTO CHAMPIONGAMEMODESTATS(championgamemodestats_id, winrate,pickrate, banrate, champion_id, gamemode_id) VALUES (100,48.45,8.02,0.26,94,1);
INSERT INTO CHAMPIONGAMEMODESTATS(championgamemodestats_id, winrate,pickrate, banrate, champion_id, gamemode_id) VALUES (101,45.99,3.95,0.34,95,1);
INSERT INTO CHAMPIONGAMEMODESTATS(championgamemodestats_id, winrate,pickrate, banrate, champion_id, gamemode_id) VALUES (102,48.59,11.28,1.83,96,1);
INSERT INTO CHAMPIONGAMEMODESTATS(championgamemodestats_id, winrate,pickrate, banrate, champion_id, gamemode_id) VALUES (103,49.31,14.06,8.37,97,1);
INSERT INTO CHAMPIONGAMEMODESTATS(championgamemodestats_id, winrate,pickrate, banrate, champion_id, gamemode_id) VALUES (104,48.69,5.75,3.33,98,1);
INSERT INTO CHAMPIONGAMEMODESTATS(championgamemodestats_id, winrate,pickrate, banrate, champion_id, gamemode_id) VALUES (105,51.09,16.33,2.50,99,1);
INSERT INTO CHAMPIONGAMEMODESTATS(championgamemodestats_id, winrate,pickrate, banrate, champion_id, gamemode_id) VALUES (106,50.41,15.85,21.90,100,1);
INSERT INTO CHAMPIONGAMEMODESTATS(championgamemodestats_id, winrate,pickrate, banrate, champion_id, gamemode_id) VALUES (107,52.29,6.39,0.37,101,1);
INSERT INTO CHAMPIONGAMEMODESTATS(championgamemodestats_id, winrate,pickrate, banrate, champion_id, gamemode_id) VALUES (108,52.86,5.87,1.25,102,1);
INSERT INTO CHAMPIONGAMEMODESTATS(championgamemodestats_id, winrate,pickrate, banrate, champion_id, gamemode_id) VALUES (109,51.73,8.15,0.91,103,1);

-- Joust Stat Data
INSERT INTO CHAMPIONGAMEMODESTATS(championgamemodestats_id, winrate,pickrate, banrate, champion_id, gamemode_id) VALUES (110,45.85,5.10,3.53,4,2);
INSERT INTO CHAMPIONGAMEMODESTATS(championgamemodestats_id, winrate,pickrate, banrate, champion_id, gamemode_id) VALUES (111,47.69,9.02,4.98,5,2);
INSERT INTO CHAMPIONGAMEMODESTATS(championgamemodestats_id, winrate,pickrate, banrate, champion_id, gamemode_id) VALUES (112,60.74,19.85,24.65,6,2);
INSERT INTO CHAMPIONGAMEMODESTATS(championgamemodestats_id, winrate,pickrate, banrate, champion_id, gamemode_id) VALUES (113,50.84, 5.63,4.74,7,2);
INSERT INTO CHAMPIONGAMEMODESTATS(championgamemodestats_id, winrate,pickrate, banrate, champion_id, gamemode_id) VALUES (114,48.46, 1.53,0.10,8,2);
INSERT INTO CHAMPIONGAMEMODESTATS(championgamemodestats_id, winrate,pickrate, banrate, champion_id, gamemode_id) VALUES (115,49.56, 8.66,3.92,9,2);
INSERT INTO CHAMPIONGAMEMODESTATS(championgamemodestats_id, winrate,pickrate, banrate, champion_id, gamemode_id) VALUES (116,48.25, 12.91,8.05,10,2);
INSERT INTO CHAMPIONGAMEMODESTATS(championgamemodestats_id, winrate,pickrate, banrate, champion_id, gamemode_id) VALUES (117,41.21, 0.62,0.43,11,2);
INSERT INTO CHAMPIONGAMEMODESTATS(championgamemodestats_id, winrate,pickrate, banrate, champion_id, gamemode_id) VALUES (118,56.72, 6.52,3.39,12,2);
INSERT INTO CHAMPIONGAMEMODESTATS(championgamemodestats_id, winrate,pickrate, banrate, champion_id, gamemode_id) VALUES (119,41.13, 1.28,0.09,13,2);
INSERT INTO CHAMPIONGAMEMODESTATS(championgamemodestats_id, winrate,pickrate, banrate, champion_id, gamemode_id) VALUES (120,51.09, 1.16,0.42,14,2);
INSERT INTO CHAMPIONGAMEMODESTATS(championgamemodestats_id, winrate,pickrate, banrate, champion_id, gamemode_id) VALUES (121,50.21, 11.01,43.61,15,2);
INSERT INTO CHAMPIONGAMEMODESTATS(championgamemodestats_id, winrate,pickrate, banrate, champion_id, gamemode_id) VALUES (122,48.11, 4.97,1.73,16,2);
INSERT INTO CHAMPIONGAMEMODESTATS(championgamemodestats_id, winrate,pickrate, banrate, champion_id, gamemode_id) VALUES (123,50.39, 4.00,5.29,17,2);
INSERT INTO CHAMPIONGAMEMODESTATS(championgamemodestats_id, winrate,pickrate, banrate, champion_id, gamemode_id) VALUES (124,45.41, 4.45,5.55,18,2);
INSERT INTO CHAMPIONGAMEMODESTATS(championgamemodestats_id, winrate,pickrate, banrate, champion_id, gamemode_id) VALUES (125,46.73, 2.83,0.47,19,2);
INSERT INTO CHAMPIONGAMEMODESTATS(championgamemodestats_id, winrate,pickrate, banrate, champion_id, gamemode_id) VALUES (126,59.05, 9.36,87.41,20,2);
INSERT INTO CHAMPIONGAMEMODESTATS(championgamemodestats_id, winrate,pickrate, banrate, champion_id, gamemode_id) VALUES (127,42.66, 0.68,1.06,21,2);
INSERT INTO CHAMPIONGAMEMODESTATS(championgamemodestats_id, winrate,pickrate, banrate, champion_id, gamemode_id) VALUES (128,52.44, 9.07,11.54,22,2);
INSERT INTO CHAMPIONGAMEMODESTATS(championgamemodestats_id, winrate,pickrate, banrate, champion_id, gamemode_id) VALUES (129,48.38, 2.23,0.21,23,2);
INSERT INTO CHAMPIONGAMEMODESTATS(championgamemodestats_id, winrate,pickrate, banrate, champion_id, gamemode_id) VALUES (130,42.10, 3.36,0.55,24,2);
INSERT INTO CHAMPIONGAMEMODESTATS(championgamemodestats_id, winrate,pickrate, banrate, champion_id, gamemode_id) VALUES (131,59.20, 7.44,12.82,25,2);
INSERT INTO CHAMPIONGAMEMODESTATS(championgamemodestats_id, winrate,pickrate, banrate, champion_id, gamemode_id) VALUES (132,38.71, 0.39,0.03,26,2);
INSERT INTO CHAMPIONGAMEMODESTATS(championgamemodestats_id, winrate,pickrate, banrate, champion_id, gamemode_id) VALUES (133,45.59, 4.34,2.08,27,2);
INSERT INTO CHAMPIONGAMEMODESTATS(championgamemodestats_id, winrate,pickrate, banrate, champion_id, gamemode_id) VALUES (134,45.99, 8.73,4.48,28,2);
INSERT INTO CHAMPIONGAMEMODESTATS(championgamemodestats_id, winrate,pickrate, banrate, champion_id, gamemode_id) VALUES (135,48.17, 7.11,1.49,29,2);
INSERT INTO CHAMPIONGAMEMODESTATS(championgamemodestats_id, winrate,pickrate, banrate, champion_id, gamemode_id) VALUES (136,54.43, 4.18,1.36,30,2);
INSERT INTO CHAMPIONGAMEMODESTATS(championgamemodestats_id, winrate,pickrate, banrate, champion_id, gamemode_id) VALUES (137,49.45, 1.44,0.21,31,2);
INSERT INTO CHAMPIONGAMEMODESTATS(championgamemodestats_id, winrate,pickrate, banrate, champion_id, gamemode_id) VALUES (138,50.05, 5.73,0.68,32,2);
INSERT INTO CHAMPIONGAMEMODESTATS(championgamemodestats_id, winrate,pickrate, banrate, champion_id, gamemode_id) VALUES (139,45.36, 2.40,0.53,33,2);
INSERT INTO CHAMPIONGAMEMODESTATS(championgamemodestats_id, winrate,pickrate, banrate, champion_id, gamemode_id) VALUES (140,46.33, 2.18,0.30,34,2);
INSERT INTO CHAMPIONGAMEMODESTATS(championgamemodestats_id, winrate,pickrate, banrate, champion_id, gamemode_id) VALUES (141,50.78, 15.65,19.73,35,2);
INSERT INTO CHAMPIONGAMEMODESTATS(championgamemodestats_id, winrate,pickrate, banrate, champion_id, gamemode_id) VALUES (142,51.97, 2.71,0.71,36,2);
INSERT INTO CHAMPIONGAMEMODESTATS(championgamemodestats_id, winrate,pickrate, banrate, champion_id, gamemode_id) VALUES (143,47.94, 1.98,0.23,37,2);
INSERT INTO CHAMPIONGAMEMODESTATS(championgamemodestats_id, winrate,pickrate, banrate, champion_id, gamemode_id) VALUES (144,45.68, 1.75,0.28,38,2);
INSERT INTO CHAMPIONGAMEMODESTATS(championgamemodestats_id, winrate,pickrate, banrate, champion_id, gamemode_id) VALUES (145,50.67, 4.20,1.00,39,2);
INSERT INTO CHAMPIONGAMEMODESTATS(championgamemodestats_id, winrate,pickrate, banrate, champion_id, gamemode_id) VALUES (146,37.65, 0.78,1.18,40,2);
INSERT INTO CHAMPIONGAMEMODESTATS(championgamemodestats_id, winrate,pickrate, banrate, champion_id, gamemode_id) VALUES (147,49.65, 9.83,14.10,41,2);
INSERT INTO CHAMPIONGAMEMODESTATS(championgamemodestats_id, winrate,pickrate, banrate, champion_id, gamemode_id) VALUES (148,51.06, 6.19,7.81,42,2);
INSERT INTO CHAMPIONGAMEMODESTATS(championgamemodestats_id, winrate,pickrate, banrate, champion_id, gamemode_id) VALUES (149,57.20, 3.07,0.40,43,2);
INSERT INTO CHAMPIONGAMEMODESTATS(championgamemodestats_id, winrate,pickrate, banrate, champion_id, gamemode_id) VALUES (150,50.81, 7.41,2.27,44,2);
INSERT INTO CHAMPIONGAMEMODESTATS(championgamemodestats_id, winrate,pickrate, banrate, champion_id, gamemode_id) VALUES (151,46.41, 2.84,0.65,45,2);
INSERT INTO CHAMPIONGAMEMODESTATS(championgamemodestats_id, winrate,pickrate, banrate, champion_id, gamemode_id) VALUES (152,49.79, 8.94,50.23,46,2);
INSERT INTO CHAMPIONGAMEMODESTATS(championgamemodestats_id, winrate,pickrate, banrate, champion_id, gamemode_id) VALUES (153,51.19, 3.42,1.39,47,2);
INSERT INTO CHAMPIONGAMEMODESTATS(championgamemodestats_id, winrate,pickrate, banrate, champion_id, gamemode_id) VALUES (154,44.52, 6.36,11.69,48,2);
INSERT INTO CHAMPIONGAMEMODESTATS(championgamemodestats_id, winrate,pickrate, banrate, champion_id, gamemode_id) VALUES (155,46.87, 9.28,3.81,49,2);
INSERT INTO CHAMPIONGAMEMODESTATS(championgamemodestats_id, winrate,pickrate, banrate, champion_id, gamemode_id) VALUES (156,48.96, 6.17,3.53,50,2);
INSERT INTO CHAMPIONGAMEMODESTATS(championgamemodestats_id, winrate,pickrate, banrate, champion_id, gamemode_id) VALUES (157,48.54, 22.66,35.76,51,2);
INSERT INTO CHAMPIONGAMEMODESTATS(championgamemodestats_id, winrate,pickrate, banrate, champion_id, gamemode_id) VALUES (158,51.42, 1.44,0.11,52,2);
INSERT INTO CHAMPIONGAMEMODESTATS(championgamemodestats_id, winrate,pickrate, banrate, champion_id, gamemode_id) VALUES (159,40.90, 1.88,0.13,53,2);
INSERT INTO CHAMPIONGAMEMODESTATS(championgamemodestats_id, winrate,pickrate, banrate, champion_id, gamemode_id) VALUES (160,41.33, 2.61,0.40,54,2);
INSERT INTO CHAMPIONGAMEMODESTATS(championgamemodestats_id, winrate,pickrate, banrate, champion_id, gamemode_id) VALUES (161,34.66, 1.81,0.11,55,2);
INSERT INTO CHAMPIONGAMEMODESTATS(championgamemodestats_id, winrate,pickrate, banrate, champion_id, gamemode_id) VALUES (162,41.23, 1.93,0.24,56,2);
INSERT INTO CHAMPIONGAMEMODESTATS(championgamemodestats_id, winrate,pickrate, banrate, champion_id, gamemode_id) VALUES (163,50.75, 6.45,5.81,57,2);
INSERT INTO CHAMPIONGAMEMODESTATS(championgamemodestats_id, winrate,pickrate, banrate, champion_id, gamemode_id) VALUES (164,44.32, 0.86,0.57,58,2);
INSERT INTO CHAMPIONGAMEMODESTATS(championgamemodestats_id, winrate,pickrate, banrate, champion_id, gamemode_id) VALUES (165,46.27, 5.01,2.42,59,2);
INSERT INTO CHAMPIONGAMEMODESTATS(championgamemodestats_id, winrate,pickrate, banrate, champion_id, gamemode_id) VALUES (166,47.71, 8.11,30.91,60,2);
INSERT INTO CHAMPIONGAMEMODESTATS(championgamemodestats_id, winrate,pickrate, banrate, champion_id, gamemode_id) VALUES (167,44.89, 9.77,1.07,61,2);
INSERT INTO CHAMPIONGAMEMODESTATS(championgamemodestats_id, winrate,pickrate, banrate, champion_id, gamemode_id) VALUES (168,43.91, 12.44,33.30,62,2);
INSERT INTO CHAMPIONGAMEMODESTATS(championgamemodestats_id, winrate,pickrate, banrate, champion_id, gamemode_id) VALUES (169,49.65, 6.34,4.26,63,2);
INSERT INTO CHAMPIONGAMEMODESTATS(championgamemodestats_id, winrate,pickrate, banrate, champion_id, gamemode_id) VALUES (170,40.04, 1.40,1.03,64,2);
INSERT INTO CHAMPIONGAMEMODESTATS(championgamemodestats_id, winrate,pickrate, banrate, champion_id, gamemode_id) VALUES (171,53.15, 20.21,19.08,65,2);
INSERT INTO CHAMPIONGAMEMODESTATS(championgamemodestats_id, winrate,pickrate, banrate, champion_id, gamemode_id) VALUES (172,40.43, 0.44,0.09,66,2);
INSERT INTO CHAMPIONGAMEMODESTATS(championgamemodestats_id, winrate,pickrate, banrate, champion_id, gamemode_id) VALUES (173,52.65, 13.09,75.57,67,2);
INSERT INTO CHAMPIONGAMEMODESTATS(championgamemodestats_id, winrate,pickrate, banrate, champion_id, gamemode_id) VALUES (174,64.37, 12.86,16.36,68,2);
INSERT INTO CHAMPIONGAMEMODESTATS(championgamemodestats_id, winrate,pickrate, banrate, champion_id, gamemode_id) VALUES (175,36.52, 0.36,0.05,69,2);
INSERT INTO CHAMPIONGAMEMODESTATS(championgamemodestats_id, winrate,pickrate, banrate, champion_id, gamemode_id) VALUES (176,46.24, 0.58,0.06,70,2);
INSERT INTO CHAMPIONGAMEMODESTATS(championgamemodestats_id, winrate,pickrate, banrate, champion_id, gamemode_id) VALUES (177,45.70, 13.85,23.47,71,2);
INSERT INTO CHAMPIONGAMEMODESTATS(championgamemodestats_id, winrate,pickrate, banrate, champion_id, gamemode_id) VALUES (178,34.24, 1.95,0.06,72,2);
INSERT INTO CHAMPIONGAMEMODESTATS(championgamemodestats_id, winrate,pickrate, banrate, champion_id, gamemode_id) VALUES (179,50.09, 6.93,8.87,73,2);
INSERT INTO CHAMPIONGAMEMODESTATS(championgamemodestats_id, winrate,pickrate, banrate, champion_id, gamemode_id) VALUES (180,51.88, 2.00,0.21,74,2);
INSERT INTO CHAMPIONGAMEMODESTATS(championgamemodestats_id, winrate,pickrate, banrate, champion_id, gamemode_id) VALUES (181,46.95, 0.98,0.66,75,2);
INSERT INTO CHAMPIONGAMEMODESTATS(championgamemodestats_id, winrate,pickrate, banrate, champion_id, gamemode_id) VALUES (182,47.71, 12.95,13.65,76,2);
INSERT INTO CHAMPIONGAMEMODESTATS(championgamemodestats_id, winrate,pickrate, banrate, champion_id, gamemode_id) VALUES (183,45.47, 3.67,0.20,77,2);
INSERT INTO CHAMPIONGAMEMODESTATS(championgamemodestats_id, winrate,pickrate, banrate, champion_id, gamemode_id) VALUES (184,50.63, 2.25,0.32,78,2);
INSERT INTO CHAMPIONGAMEMODESTATS(championgamemodestats_id, winrate,pickrate, banrate, champion_id, gamemode_id) VALUES (185,42.84, 2.13,0.18,79,2);
INSERT INTO CHAMPIONGAMEMODESTATS(championgamemodestats_id, winrate,pickrate, banrate, champion_id, gamemode_id) VALUES (186,44.44, 0.37,0.08,80,2);
INSERT INTO CHAMPIONGAMEMODESTATS(championgamemodestats_id, winrate,pickrate, banrate, champion_id, gamemode_id) VALUES (187,48.72, 0.73,0.05,81,2);
INSERT INTO CHAMPIONGAMEMODESTATS(championgamemodestats_id, winrate,pickrate, banrate, champion_id, gamemode_id) VALUES (188,51.93, 14.22,6.18,82,2);
INSERT INTO CHAMPIONGAMEMODESTATS(championgamemodestats_id, winrate,pickrate, banrate, champion_id, gamemode_id) VALUES (189,47.33, 0.76,0.08,83,2);
INSERT INTO CHAMPIONGAMEMODESTATS(championgamemodestats_id, winrate,pickrate, banrate, champion_id, gamemode_id) VALUES (190,43.30, 1.92,1.22,84,2);
INSERT INTO CHAMPIONGAMEMODESTATS(championgamemodestats_id, winrate,pickrate, banrate, champion_id, gamemode_id) VALUES (191,45.44, 2.86,0.76,85,2);
INSERT INTO CHAMPIONGAMEMODESTATS(championgamemodestats_id, winrate,pickrate, banrate, champion_id, gamemode_id) VALUES (192,51.95, 8.14,11.59,86,2);
INSERT INTO CHAMPIONGAMEMODESTATS(championgamemodestats_id, winrate,pickrate, banrate, champion_id, gamemode_id) VALUES (193,48.66, 2.35,0.14,87,2);
INSERT INTO CHAMPIONGAMEMODESTATS(championgamemodestats_id, winrate,pickrate, banrate, champion_id, gamemode_id) VALUES (194,50.54, 1.73,0.06,88,2);
INSERT INTO CHAMPIONGAMEMODESTATS(championgamemodestats_id, winrate,pickrate, banrate, champion_id, gamemode_id) VALUES (195,52.68, 2.81,0.40,89,2);
INSERT INTO CHAMPIONGAMEMODESTATS(championgamemodestats_id, winrate,pickrate, banrate, champion_id, gamemode_id) VALUES (196,44.63, 2.78,0.46,90,2);
INSERT INTO CHAMPIONGAMEMODESTATS(championgamemodestats_id, winrate,pickrate, banrate, champion_id, gamemode_id) VALUES (197,58.96, 9.78,51.06,91,2);
INSERT INTO CHAMPIONGAMEMODESTATS(championgamemodestats_id, winrate,pickrate, banrate, champion_id, gamemode_id) VALUES (198,41.36, 2.27,0.46,92,2);
INSERT INTO CHAMPIONGAMEMODESTATS(championgamemodestats_id, winrate,pickrate, banrate, champion_id, gamemode_id) VALUES (199,42.73, 1.43,0.16,93,2);
INSERT INTO CHAMPIONGAMEMODESTATS(championgamemodestats_id, winrate,pickrate, banrate, champion_id, gamemode_id) VALUES (200,44.05, 1.61,0.11,94,2);
INSERT INTO CHAMPIONGAMEMODESTATS(championgamemodestats_id, winrate,pickrate, banrate, champion_id, gamemode_id) VALUES (201,49.18, 3.45,1.29,95,2);
INSERT INTO CHAMPIONGAMEMODESTATS(championgamemodestats_id, winrate,pickrate, banrate, champion_id, gamemode_id) VALUES (202,44.93, 2.97,0.61,96,2);
INSERT INTO CHAMPIONGAMEMODESTATS(championgamemodestats_id, winrate,pickrate, banrate, champion_id, gamemode_id) VALUES (203,46.72, 12.30,21.30,97,2);
INSERT INTO CHAMPIONGAMEMODESTATS(championgamemodestats_id, winrate,pickrate, banrate, champion_id, gamemode_id) VALUES (204,50.66, 1.91,0.33,98,2);
INSERT INTO CHAMPIONGAMEMODESTATS(championgamemodestats_id, winrate,pickrate, banrate, champion_id, gamemode_id) VALUES (205,51.04, 13.37,4.11,99,2);
INSERT INTO CHAMPIONGAMEMODESTATS(championgamemodestats_id, winrate,pickrate, banrate, champion_id, gamemode_id) VALUES (206,45.22, 4.10,1.83,100,2);
INSERT INTO CHAMPIONGAMEMODESTATS(championgamemodestats_id, winrate,pickrate, banrate, champion_id, gamemode_id) VALUES (207,55.99, 7.58,3.12,101,2);
INSERT INTO CHAMPIONGAMEMODESTATS(championgamemodestats_id, winrate,pickrate, banrate, champion_id, gamemode_id) VALUES (208,55.55, 16.46,29.54,102,2);
INSERT INTO CHAMPIONGAMEMODESTATS(championgamemodestats_id, winrate,pickrate, banrate, champion_id, gamemode_id) VALUES (209,55.23, 5.22,9.59,103,2);


--Duel
INSERT INTO CHAMPIONGAMEMODESTATS(championgamemodestats_id, winrate,pickrate, banrate, champion_id, gamemode_id) VALUES (210, 35.10, 1.04, 1.26, 4, 3);
INSERT INTO CHAMPIONGAMEMODESTATS(championgamemodestats_id, winrate,pickrate, banrate, champion_id, gamemode_id) VALUES (211, 41.81, 2.59, 2.14, 5, 3);
INSERT INTO CHAMPIONGAMEMODESTATS(championgamemodestats_id, winrate,pickrate, banrate, champion_id, gamemode_id) VALUES (212, 60.17, 4.47, 80.81, 6, 3);
INSERT INTO CHAMPIONGAMEMODESTATS(championgamemodestats_id, winrate,pickrate, banrate, champion_id, gamemode_id) VALUES (213, 36.44, 0.65, 0.80, 7, 3);
INSERT INTO CHAMPIONGAMEMODESTATS(championgamemodestats_id, winrate,pickrate, banrate, champion_id, gamemode_id) VALUES (214, 49.65, 0.97, 0.26, 8, 3);
INSERT INTO CHAMPIONGAMEMODESTATS(championgamemodestats_id, winrate,pickrate, banrate, champion_id, gamemode_id) VALUES (215, 53.49, 6.62, 12.13, 9, 3);
INSERT INTO CHAMPIONGAMEMODESTATS(championgamemodestats_id, winrate,pickrate, banrate, champion_id, gamemode_id) VALUES (216, 50.34, 8.56, 43.17, 10, 3);
INSERT INTO CHAMPIONGAMEMODESTATS(championgamemodestats_id, winrate,pickrate, banrate, champion_id, gamemode_id) VALUES (217, 47.30, 0.98, 1.46, 11, 3);
INSERT INTO CHAMPIONGAMEMODESTATS(championgamemodestats_id, winrate,pickrate, banrate, champion_id, gamemode_id) VALUES (218, 35.71, 2.44, 0.82, 12, 3);
INSERT INTO CHAMPIONGAMEMODESTATS(championgamemodestats_id, winrate,pickrate, banrate, champion_id, gamemode_id) VALUES (219, 48.87, 1.43, 0.26, 13, 3);
INSERT INTO CHAMPIONGAMEMODESTATS(championgamemodestats_id, winrate,pickrate, banrate, champion_id, gamemode_id) VALUES (220, 55.97, 3.69, 5.11, 14, 3);
INSERT INTO CHAMPIONGAMEMODESTATS(championgamemodestats_id, winrate,pickrate, banrate, champion_id, gamemode_id) VALUES (221, 12.77, 0.25, 0.25, 15, 3);
INSERT INTO CHAMPIONGAMEMODESTATS(championgamemodestats_id, winrate,pickrate, banrate, champion_id, gamemode_id) VALUES (222, 36.63, 1.19, 0.34, 16, 3);
INSERT INTO CHAMPIONGAMEMODESTATS(championgamemodestats_id, winrate,pickrate, banrate, champion_id, gamemode_id) VALUES (223, 41.67, 0.36, 0.10, 17, 3);
INSERT INTO CHAMPIONGAMEMODESTATS(championgamemodestats_id, winrate,pickrate, banrate, champion_id, gamemode_id) VALUES (224, 33.94, 0.15, 0.09, 18, 3);
INSERT INTO CHAMPIONGAMEMODESTATS(championgamemodestats_id, winrate,pickrate, banrate, champion_id, gamemode_id) VALUES (225, 39.61, 1.25, 0.54, 19, 3);
INSERT INTO CHAMPIONGAMEMODESTATS(championgamemodestats_id, winrate,pickrate, banrate, champion_id, gamemode_id) VALUES (226, 28.35, 0.34, 0.63, 20, 3);
INSERT INTO CHAMPIONGAMEMODESTATS(championgamemodestats_id, winrate,pickrate, banrate, champion_id, gamemode_id) VALUES (227, 58.30, 2.92, 85.90, 21, 3);
INSERT INTO CHAMPIONGAMEMODESTATS(championgamemodestats_id, winrate,pickrate, banrate, champion_id, gamemode_id) VALUES (228, 50.08, 2.61, 5.92, 22, 3);
INSERT INTO CHAMPIONGAMEMODESTATS(championgamemodestats_id, winrate,pickrate, banrate, champion_id, gamemode_id) VALUES (229, 50.43, 2.51, 1.27, 23, 3);
INSERT INTO CHAMPIONGAMEMODESTATS(championgamemodestats_id, winrate,pickrate, banrate, champion_id, gamemode_id) VALUES (230, 52.43, 3.39, 3.05, 24, 3);
INSERT INTO CHAMPIONGAMEMODESTATS(championgamemodestats_id, winrate,pickrate, banrate, champion_id, gamemode_id) VALUES (231, 42.95, 0.42, 0.25, 25, 3);
INSERT INTO CHAMPIONGAMEMODESTATS(championgamemodestats_id, winrate,pickrate, banrate, champion_id, gamemode_id) VALUES (232, 55.90, 1.55, 0.85, 26, 3);
INSERT INTO CHAMPIONGAMEMODESTATS(championgamemodestats_id, winrate,pickrate, banrate, champion_id, gamemode_id) VALUES (233, 34.71, 0.39, 0.11, 27, 3);
INSERT INTO CHAMPIONGAMEMODESTATS(championgamemodestats_id, winrate,pickrate, banrate, champion_id, gamemode_id) VALUES (234, 48.97, 2.10, 1.38, 28, 3);
INSERT INTO CHAMPIONGAMEMODESTATS(championgamemodestats_id, winrate,pickrate, banrate, champion_id, gamemode_id) VALUES (235, 52.19, 1.51, 0.68, 29, 3);
INSERT INTO CHAMPIONGAMEMODESTATS(championgamemodestats_id, winrate,pickrate, banrate, champion_id, gamemode_id) VALUES (236, 39.91, 1.50, 1.27, 30, 3);
INSERT INTO CHAMPIONGAMEMODESTATS(championgamemodestats_id, winrate,pickrate, banrate, champion_id, gamemode_id) VALUES (237, 44.41, 0.42, 0.23, 31, 3);
INSERT INTO CHAMPIONGAMEMODESTATS(championgamemodestats_id, winrate,pickrate, banrate, champion_id, gamemode_id) VALUES (238, 43.64, 0.67, 0.13, 32, 3);
INSERT INTO CHAMPIONGAMEMODESTATS(championgamemodestats_id, winrate,pickrate, banrate, champion_id, gamemode_id) VALUES (239, 60.93, 5.91, 45.27, 33, 3);
INSERT INTO CHAMPIONGAMEMODESTATS(championgamemodestats_id, winrate,pickrate, banrate, champion_id, gamemode_id) VALUES (240, 46.47, 0.99, 0.49, 34, 3);
INSERT INTO CHAMPIONGAMEMODESTATS(championgamemodestats_id, winrate,pickrate, banrate, champion_id, gamemode_id) VALUES (241, 48.88, 2.05, 0.71, 35, 3);
INSERT INTO CHAMPIONGAMEMODESTATS(championgamemodestats_id, winrate,pickrate, banrate, champion_id, gamemode_id) VALUES (242, 34.21, 0.77, 0.63, 36, 3);
INSERT INTO CHAMPIONGAMEMODESTATS(championgamemodestats_id, winrate,pickrate, banrate, champion_id, gamemode_id) VALUES (243, 53.96, 2.95, 2.51, 37, 3);
INSERT INTO CHAMPIONGAMEMODESTATS(championgamemodestats_id, winrate,pickrate, banrate, champion_id, gamemode_id) VALUES (244, 42.86, 0.36, 0.05, 38, 3);
INSERT INTO CHAMPIONGAMEMODESTATS(championgamemodestats_id, winrate,pickrate, banrate, champion_id, gamemode_id) VALUES (245, 48.16, 2.53, 1.29, 39, 3);
INSERT INTO CHAMPIONGAMEMODESTATS(championgamemodestats_id, winrate,pickrate, banrate, champion_id, gamemode_id) VALUES (246, 48.34, 1.87, 48.63, 40, 3);
INSERT INTO CHAMPIONGAMEMODESTATS(championgamemodestats_id, winrate,pickrate, banrate, champion_id, gamemode_id) VALUES (247, 18.42, 0.10, 0.07, 41, 3);
INSERT INTO CHAMPIONGAMEMODESTATS(championgamemodestats_id, winrate,pickrate, banrate, champion_id, gamemode_id) VALUES (248, 34.65, 0.27, 0.07, 42, 3);
INSERT INTO CHAMPIONGAMEMODESTATS(championgamemodestats_id, winrate,pickrate, banrate, champion_id, gamemode_id) VALUES (249, 43.14, 0.55, 0.18, 43, 3);
INSERT INTO CHAMPIONGAMEMODESTATS(championgamemodestats_id, winrate,pickrate, banrate, champion_id, gamemode_id) VALUES (250, 39.90, 0.80, 0.16, 44, 3);
INSERT INTO CHAMPIONGAMEMODESTATS(championgamemodestats_id, winrate,pickrate, banrate, champion_id, gamemode_id) VALUES (251, 57.39, 4.14, 3.63, 45, 3);
INSERT INTO CHAMPIONGAMEMODESTATS(championgamemodestats_id, winrate,pickrate, banrate, champion_id, gamemode_id) VALUES (252, 55.74, 2.73, 87.76, 46, 3);
INSERT INTO CHAMPIONGAMEMODESTATS(championgamemodestats_id, winrate,pickrate, banrate, champion_id, gamemode_id) VALUES (253, 51.82, 3.20, 2.38, 47, 3);
INSERT INTO CHAMPIONGAMEMODESTATS(championgamemodestats_id, winrate,pickrate, banrate, champion_id, gamemode_id) VALUES (254, 47.80, 2.48, 11.28, 48, 3);
INSERT INTO CHAMPIONGAMEMODESTATS(championgamemodestats_id, winrate,pickrate, banrate, champion_id, gamemode_id) VALUES (255, 48.88, 1.81, 1.10, 49, 3);
INSERT INTO CHAMPIONGAMEMODESTATS(championgamemodestats_id, winrate,pickrate, banrate, champion_id, gamemode_id) VALUES (256, 29.63, 1.15, 0.70, 50, 3);
INSERT INTO CHAMPIONGAMEMODESTATS(championgamemodestats_id, winrate,pickrate, banrate, champion_id, gamemode_id) VALUES (257, 47.13, 4.25, 5.73, 51, 3);
INSERT INTO CHAMPIONGAMEMODESTATS(championgamemodestats_id, winrate,pickrate, banrate, champion_id, gamemode_id) VALUES (258, 46.46, 1.09, 0.14, 52, 3);
INSERT INTO CHAMPIONGAMEMODESTATS(championgamemodestats_id, winrate,pickrate, banrate, champion_id, gamemode_id) VALUES (259, 42.59, 0.71, 0.13, 53, 3);
INSERT INTO CHAMPIONGAMEMODESTATS(championgamemodestats_id, winrate,pickrate, banrate, champion_id, gamemode_id) VALUES (260, 50.00, 1.63, 0.61, 54, 3);
INSERT INTO CHAMPIONGAMEMODESTATS(championgamemodestats_id, winrate,pickrate, banrate, champion_id, gamemode_id) VALUES (261, 20.94, 0.57, 0.18, 55, 3);
INSERT INTO CHAMPIONGAMEMODESTATS(championgamemodestats_id, winrate,pickrate, banrate, champion_id, gamemode_id) VALUES (262, 34.71, 0.59, 0.13, 56, 3);
INSERT INTO CHAMPIONGAMEMODESTATS(championgamemodestats_id, winrate,pickrate, banrate, champion_id, gamemode_id) VALUES (263, 36.42, 0.66, 0.59, 57, 3);
INSERT INTO CHAMPIONGAMEMODESTATS(championgamemodestats_id, winrate,pickrate, banrate, champion_id, gamemode_id) VALUES (264, 55.52, 2.84, 57.31, 58, 3);
INSERT INTO CHAMPIONGAMEMODESTATS(championgamemodestats_id, winrate,pickrate, banrate, champion_id, gamemode_id) VALUES (265, 18.40, 0.17, 0.07, 59, 3);
INSERT INTO CHAMPIONGAMEMODESTATS(championgamemodestats_id, winrate,pickrate, banrate, champion_id, gamemode_id) VALUES (266, 36.02, 2.21, 9.66, 60, 3);
INSERT INTO CHAMPIONGAMEMODESTATS(championgamemodestats_id, winrate,pickrate, banrate, champion_id, gamemode_id) VALUES (267, 41.75, 1.90, 0.50, 61, 3);
INSERT INTO CHAMPIONGAMEMODESTATS(championgamemodestats_id, winrate,pickrate, banrate, champion_id, gamemode_id) VALUES (268, 34.57, 0.33, 0.14, 62, 3);
INSERT INTO CHAMPIONGAMEMODESTATS(championgamemodestats_id, winrate,pickrate, banrate, champion_id, gamemode_id) VALUES (269, 41.69, 0.58, 0.20, 63, 3);
INSERT INTO CHAMPIONGAMEMODESTATS(championgamemodestats_id, winrate,pickrate, banrate, champion_id, gamemode_id) VALUES (270, 39.40, 2.78, 11.67, 64, 3);
INSERT INTO CHAMPIONGAMEMODESTATS(championgamemodestats_id, winrate,pickrate, banrate, champion_id, gamemode_id) VALUES (271, 49.35, 1.88, 0.66, 65, 3);
INSERT INTO CHAMPIONGAMEMODESTATS(championgamemodestats_id, winrate,pickrate, banrate, champion_id, gamemode_id) VALUES (272, 40.50, 1.23, 0.39, 66, 3);
INSERT INTO CHAMPIONGAMEMODESTATS(championgamemodestats_id, winrate,pickrate, banrate, champion_id, gamemode_id) VALUES (273, 44.62, 4.02, 41.23, 67, 3);
INSERT INTO CHAMPIONGAMEMODESTATS(championgamemodestats_id, winrate,pickrate, banrate, champion_id, gamemode_id) VALUES (274, 49.85, 1.83, 1.39, 68, 3);
INSERT INTO CHAMPIONGAMEMODESTATS(championgamemodestats_id, winrate,pickrate, banrate, champion_id, gamemode_id) VALUES (275, 45.92, 1.31, 0.51, 69, 3);
INSERT INTO CHAMPIONGAMEMODESTATS(championgamemodestats_id, winrate,pickrate, banrate, champion_id, gamemode_id) VALUES (276, 36.81, 0.22, 0.08, 70, 3);
INSERT INTO CHAMPIONGAMEMODESTATS(championgamemodestats_id, winrate,pickrate, banrate, champion_id, gamemode_id) VALUES (277, 32.55, 0.92, 1.18, 71, 3);
INSERT INTO CHAMPIONGAMEMODESTATS(championgamemodestats_id, winrate,pickrate, banrate, champion_id, gamemode_id) VALUES (278, 34.74, 1.38, 0.22, 72, 3);
INSERT INTO CHAMPIONGAMEMODESTATS(championgamemodestats_id, winrate,pickrate, banrate, champion_id, gamemode_id) VALUES (279, 28.23, 0.28, 0.33, 73, 3);
INSERT INTO CHAMPIONGAMEMODESTATS(championgamemodestats_id, winrate,pickrate, banrate, champion_id, gamemode_id) VALUES (280, 56.30, 1.71, 0.36, 74, 3);
INSERT INTO CHAMPIONGAMEMODESTATS(championgamemodestats_id, winrate,pickrate, banrate, champion_id, gamemode_id) VALUES (281, 57.77, 4.10, 26.41, 75, 3);
INSERT INTO CHAMPIONGAMEMODESTATS(championgamemodestats_id, winrate,pickrate, banrate, champion_id, gamemode_id) VALUES (282, 58.58, 7.66, 45.92, 76, 3);
INSERT INTO CHAMPIONGAMEMODESTATS(championgamemodestats_id, winrate,pickrate, banrate, champion_id, gamemode_id) VALUES (283, 43.25, 1.27, 0.20, 77, 3);
INSERT INTO CHAMPIONGAMEMODESTATS(championgamemodestats_id, winrate,pickrate, banrate, champion_id, gamemode_id) VALUES (284, 41.15, 0.59, 0.09, 78, 3);
INSERT INTO CHAMPIONGAMEMODESTATS(championgamemodestats_id, winrate,pickrate, banrate, champion_id, gamemode_id) VALUES (285, 33.90, 0.56, 0.07, 79, 3);
INSERT INTO CHAMPIONGAMEMODESTATS(championgamemodestats_id, winrate,pickrate, banrate, champion_id, gamemode_id) VALUES (286, 45.36, 0.67, 0.11, 80, 3);
INSERT INTO CHAMPIONGAMEMODESTATS(championgamemodestats_id, winrate,pickrate, banrate, champion_id, gamemode_id) VALUES (287, 47.52, 0.79, 0.11, 81, 3);
INSERT INTO CHAMPIONGAMEMODESTATS(championgamemodestats_id, winrate,pickrate, banrate, champion_id, gamemode_id) VALUES (288, 45.84, 1.53, 0.54, 82, 3);
INSERT INTO CHAMPIONGAMEMODESTATS(championgamemodestats_id, winrate,pickrate, banrate, champion_id, gamemode_id) VALUES (289, 36.08, 0.64, 0.20, 83, 3);
INSERT INTO CHAMPIONGAMEMODESTATS(championgamemodestats_id, winrate,pickrate, banrate, champion_id, gamemode_id) VALUES (290, 48.96, 6.59, 15.71, 84, 3);
INSERT INTO CHAMPIONGAMEMODESTATS(championgamemodestats_id, winrate,pickrate, banrate, champion_id, gamemode_id) VALUES (291, 57.59, 3.80, 9.31, 85, 3);
INSERT INTO CHAMPIONGAMEMODESTATS(championgamemodestats_id, winrate,pickrate, banrate, champion_id, gamemode_id) VALUES (292, 38.52, 0.16, 0.05, 86, 3);
INSERT INTO CHAMPIONGAMEMODESTATS(championgamemodestats_id, winrate,pickrate, banrate, champion_id, gamemode_id) VALUES (293, 50.21, 1.97, 0.83, 87, 3);
INSERT INTO CHAMPIONGAMEMODESTATS(championgamemodestats_id, winrate,pickrate, banrate, champion_id, gamemode_id) VALUES (294, 49.74, 0.79, 0.11, 88, 3);
INSERT INTO CHAMPIONGAMEMODESTATS(championgamemodestats_id, winrate,pickrate, banrate, champion_id, gamemode_id) VALUES (295, 38.62, 1.92, 1.07, 89, 3);
INSERT INTO CHAMPIONGAMEMODESTATS(championgamemodestats_id, winrate,pickrate, banrate, champion_id, gamemode_id) VALUES (296, 30.82, 0.21, 0.06, 90, 3);
INSERT INTO CHAMPIONGAMEMODESTATS(championgamemodestats_id, winrate,pickrate, banrate, champion_id, gamemode_id) VALUES (297, 33.77, 0.10, 0.06, 91, 3);
INSERT INTO CHAMPIONGAMEMODESTATS(championgamemodestats_id, winrate,pickrate, banrate, champion_id, gamemode_id) VALUES (298, 39.29, 2.64, 1.69, 92, 3);
INSERT INTO CHAMPIONGAMEMODESTATS(championgamemodestats_id, winrate,pickrate, banrate, champion_id, gamemode_id) VALUES (299, 42.46, 1.42, 0.42, 93, 3);
INSERT INTO CHAMPIONGAMEMODESTATS(championgamemodestats_id, winrate,pickrate, banrate, champion_id, gamemode_id) VALUES (300, 39.46, 0.95, 0.12, 94, 3);
INSERT INTO CHAMPIONGAMEMODESTATS(championgamemodestats_id, winrate,pickrate, banrate, champion_id, gamemode_id) VALUES (301, 31.53, 0.30, 0.32, 95, 3);
INSERT INTO CHAMPIONGAMEMODESTATS(championgamemodestats_id, winrate,pickrate, banrate, champion_id, gamemode_id) VALUES (302, 49.71, 1.37, 0.74, 96, 3);
INSERT INTO CHAMPIONGAMEMODESTATS(championgamemodestats_id, winrate,pickrate, banrate, champion_id, gamemode_id) VALUES (303, 57.50, 6.32, 63.51, 97, 3);
INSERT INTO CHAMPIONGAMEMODESTATS(championgamemodestats_id, winrate,pickrate, banrate, champion_id, gamemode_id) VALUES (304, 56.21, 2.48, 3.07, 98, 3);
INSERT INTO CHAMPIONGAMEMODESTATS(championgamemodestats_id, winrate,pickrate, banrate, champion_id, gamemode_id) VALUES (305, 50.37, 7.23, 13.83, 99, 3);
INSERT INTO CHAMPIONGAMEMODESTATS(championgamemodestats_id, winrate,pickrate, banrate, champion_id, gamemode_id) VALUES (306, 36.64, 0.59, 0.34, 100, 3);
INSERT INTO CHAMPIONGAMEMODESTATS(championgamemodestats_id, winrate,pickrate, banrate, champion_id, gamemode_id) VALUES (307, 45.90, 0.33, 0.09, 101, 3);
INSERT INTO CHAMPIONGAMEMODESTATS(championgamemodestats_id, winrate,pickrate, banrate, champion_id, gamemode_id) VALUES (308, 33.82, 1.31, 2.22, 102, 3);
INSERT INTO CHAMPIONGAMEMODESTATS(championgamemodestats_id, winrate,pickrate, banrate, champion_id, gamemode_id) VALUES (309, 52.10, 2.64, 1.97, 103, 3);

